Company Name,Company URL
10Zig Technology,https://gregslist.com/phoenix/company/10zig-technology/
1st Providers Choice,https://gregslist.com/phoenix/company/1st-providers-choice/
Abstrakt,https://gregslist.com/phoenix/company/abstrakt/
Accruent,https://gregslist.com/phoenix/company/accruent/
Acronis SCS,https://gregslist.com/phoenix/company/acronis-scs/
ACT!,https://gregslist.com/phoenix/company/act/
ActiveClass,https://gregslist.com/phoenix/company/activeclass/
activeG,https://gregslist.com/phoenix/company/activeg/
ActualMetrics,https://gregslist.com/phoenix/company/actualmetrics/
Adapt the Game,https://gregslist.com/phoenix/company/adapt-the-game/
ADMANITY,https://gregslist.com/phoenix/company/admanity/
ADP,https://gregslist.com/phoenix/company/adp/
Advanced Voice Recognition Systems,https://gregslist.com/phoenix/company/advanced-voice-recognition-systems/
Advantiv,https://gregslist.com/phoenix/company/advantiv/
AdviNow Medical,https://gregslist.com/phoenix/company/advinow-medical/
GREGSLIST PARTNER,https://gregslist.com/phoenix/become-a-partner/
Adviserly,https://gregslist.com/phoenix/company/adviserly/
AdvisorClarity,https://gregslist.com/phoenix/company/advisorclarity/
AerialSphere,https://gregslist.com/phoenix/company/aerialsphere/
Airlib,https://gregslist.com/phoenix/company/airlib/
Airy Optics,https://gregslist.com/phoenix/company/airy-optics/
Akos MD,https://gregslist.com/phoenix/company/akos-md/
Akwai,https://gregslist.com/phoenix/company/akwai/
AL Advantage,https://gregslist.com/phoenix/company/al-advantage/
Alert GPS,https://gregslist.com/phoenix/company/alert-gps/
AlgoFace,https://gregslist.com/phoenix/company/algoface/
All Things EQ,https://gregslist.com/phoenix/company/all-things-eq/
Allstate Identity Protection,https://gregslist.com/phoenix/company/allstate-identity-protection/
Amazon Services,https://gregslist.com/phoenix/company/amazon-services/
American Technology Solutions,https://gregslist.com/phoenix/company/american-technology-solutions/
Analytic Brokerage Platform,https://gregslist.com/phoenix/company/analytic-brokerage-platform/
GREGSLIST PARTNER,https://gregslist.com/phoenix/become-a-partner/
Anju Software,https://gregslist.com/phoenix/company/anju-software/
Annexus,https://gregslist.com/phoenix/company/annexus/
AnnuityCheck,https://gregslist.com/phoenix/company/annuitycheck/
anthym,https://gregslist.com/phoenix/company/anthym/
Anython,https://gregslist.com/phoenix/company/anython/
Apriva,https://gregslist.com/phoenix/company/apriva/
Aptech Systems,https://gregslist.com/phoenix/company/aptech-systems/
Aquimo,https://gregslist.com/phoenix/company/aquimo/
Arcana Networks,https://gregslist.com/phoenix/company/arcana-networks/
Arcoro,https://gregslist.com/phoenix/company/arcoro/
Arctrieval,https://gregslist.com/phoenix/company/arctrieval/
Aries Technology,https://gregslist.com/phoenix/company/aries-technology/
Arrivia,https://gregslist.com/phoenix/company/arrivia/
Aspen Systems,https://gregslist.com/phoenix/company/aspen-systems/
Aspireship,https://gregslist.com/phoenix/company/aspireship/
GREGSLIST PARTNER,https://gregslist.com/phoenix/become-a-partner/
Assessment Technology,https://gregslist.com/phoenix/company/assessment-technology/
assisTek,https://gregslist.com/phoenix/company/assistek/
Atlas AI,https://gregslist.com/phoenix/company/atlas-ai/
Attainia from Revalize,https://gregslist.com/phoenix/company/attainia-from-revalize/
Audience Key,https://gregslist.com/phoenix/company/audience-key/
AudiencePlus,https://gregslist.com/phoenix/company/audienceplus/
AudioEye,https://gregslist.com/phoenix/company/audioeye/
Aural Analytics,https://gregslist.com/phoenix/company/aural-analytics/
AutoEnginuity,https://gregslist.com/phoenix/company/autoenginuity/
Automation Centre,https://gregslist.com/phoenix/company/automation-centre/
"AutoMon, A Catalis Company",https://gregslist.com/phoenix/company/automon-a-catalis-company/
Avery Telehealth,https://gregslist.com/phoenix/company/avery-telehealth/
Avolve Software,https://gregslist.com/phoenix/company/avolve-software/
Avontage,https://gregslist.com/phoenix/company/avontage/
Axon (formerly Taser Intl.),https://gregslist.com/phoenix/company/axon-formerly-taser-intl/
GREGSLIST PARTNER,https://gregslist.com/phoenix/become-a-partner/
Axway,https://gregslist.com/phoenix/company/axway/
B2Gnow,https://gregslist.com/phoenix/company/b2gnow/
Backbone Communications,https://gregslist.com/phoenix/company/backbone-communications/
Baltu Technologies,https://gregslist.com/phoenix/company/baltu-technologies/
Baselayer,https://gregslist.com/phoenix/company/baselayer/
BayIQ powered by AutoVitals,https://gregslist.com/phoenix/company/bayiq-powered-by-autovitals/
BeckonCall,https://gregslist.com/phoenix/company/beckoncall/
BenElevate,https://gregslist.com/phoenix/company/benelevate/
Bestwave,https://gregslist.com/phoenix/company/bestwave/
Betaciety,https://gregslist.com/phoenix/company/betaciety/
BetMaps,https://gregslist.com/phoenix/company/betmaps/
Better Agency,https://gregslist.com/phoenix/company/better-agency/
Beyondtrust,https://gregslist.com/phoenix/company/beyondtrust/
Bhive,https://gregslist.com/phoenix/company/bhive/
BidTracer,https://gregslist.com/phoenix/company/bidtracer/
GREGSLIST PARTNER,https://gregslist.com/phoenix/become-a-partner/
Billfire,https://gregslist.com/phoenix/company/billfire/
bioSyntagma,https://gregslist.com/phoenix/company/biosyntagma/
Birdytell,https://gregslist.com/phoenix/company/birdytell/
Black Pearl Mail,https://gregslist.com/phoenix/company/black-pearl-mail/
"Blackboard, now part of Anthology",https://gregslist.com/phoenix/company/blackboard-now-part-of-anthology/
Blocks Edit,https://gregslist.com/phoenix/company/blocks-edit/
Blue Yonder,https://gregslist.com/phoenix/company/blue-yonder/
BlueOptima,https://gregslist.com/phoenix/company/blueoptima/
BlueSkiesAI,https://gregslist.com/phoenix/company/blueskiesai/
bluetail,https://gregslist.com/phoenix/company/bluetail/
Botco.ai,https://gregslist.com/phoenix/company/botco-ai/
Breault Research Organization (BRO),https://gregslist.com/phoenix/company/breault-research-organization-bro/
Breezing,https://gregslist.com/phoenix/company/breezing/
BrightFi,https://gregslist.com/phoenix/company/brightfi/
Brightside,https://gregslist.com/phoenix/company/brightside/
GREGSLIST PARTNER,https://gregslist.com/phoenix/become-a-partner/
Broadcom,https://gregslist.com/phoenix/company/broadcom/
Business Warrior,https://gregslist.com/phoenix/company/business-warrior/
BusinessWare Services (BWSI),https://gregslist.com/phoenix/company/businessware-services-bwsi/
BusyKid,https://gregslist.com/phoenix/company/busykid/
Cad Int,https://gregslist.com/phoenix/company/cad-int/
CADTEL Systems,https://gregslist.com/phoenix/company/cadtel-systems/
Cadzation,https://gregslist.com/phoenix/company/cadzation/
Calero-MDSL,https://gregslist.com/phoenix/company/calero-mdsl/
Caliber Software by Frontsteps,https://gregslist.com/phoenix/company/caliber-software-by-frontsteps/
Callingly,https://gregslist.com/phoenix/company/callingly/
"CampusLogic, powered by Ellucian",https://gregslist.com/phoenix/company/campuslogic-powered-by-ellucian/
Carvana,https://gregslist.com/phoenix/company/carvana/
Carvin Software,https://gregslist.com/phoenix/company/carvin-software/
CellTrust,https://gregslist.com/phoenix/company/celltrust/
Centauri Health Solutions,https://gregslist.com/phoenix/company/centauri-health-solutions/
GREGSLIST PARTNER,https://gregslist.com/phoenix/become-a-partner/
Cerebrum,https://gregslist.com/phoenix/company/cerebrum/
Certive Health,https://gregslist.com/phoenix/company/certive-health/
"CFM, a Kinective Company",https://gregslist.com/phoenix/company/cfm-a-kinective-company/
ChangeSync,https://gregslist.com/phoenix/company/changesync/
Chassi,https://gregslist.com/phoenix/company/chassi/
CIRQ+,https://gregslist.com/phoenix/company/cirq/
Clean Router,https://gregslist.com/phoenix/company/clean-router/
CleanliSense,https://gregslist.com/phoenix/company/cleanlisense/
Clear Demand,https://gregslist.com/phoenix/company/clear-demand/
ClearDATA,https://gregslist.com/phoenix/company/cleardata/
Clearsight,https://gregslist.com/phoenix/company/clearsight/
ClearVoice,https://gregslist.com/phoenix/company/clearvoice/
CleverDome,https://gregslist.com/phoenix/company/cleverdome/
Clicdata,https://gregslist.com/phoenix/company/clicdata/
ClickIPO,https://gregslist.com/phoenix/company/clickipo/
GREGSLIST PARTNER,https://gregslist.com/phoenix/become-a-partner/
Clickpoint,https://gregslist.com/phoenix/company/clickpoint/
Cliffhanger Solutions,https://gregslist.com/phoenix/company/cliffhanger-solutions/
CloudLink,https://gregslist.com/phoenix/company/cloudlink/
Clyn,https://gregslist.com/phoenix/company/clyn/
COBRA Solutions,https://gregslist.com/phoenix/company/cobra-solutions/
Codakid,https://gregslist.com/phoenix/company/codakid/
Code Technology,https://gregslist.com/phoenix/company/code-technology/
Cognizant,https://gregslist.com/phoenix/company/cognizant/
coManage,https://gregslist.com/phoenix/company/comanage/
CommLoan,https://gregslist.com/phoenix/company/commloan/
CompuGroup Medical,https://gregslist.com/phoenix/company/compugroup-medical/
Computer Guidance,https://gregslist.com/phoenix/company/computer-guidance/
Concord Servicing,https://gregslist.com/phoenix/company/concord-servicing/
Conduent,https://gregslist.com/phoenix/company/conduent/
Continuum GRC,https://gregslist.com/phoenix/company/continuum-grc/
GREGSLIST PARTNER,https://gregslist.com/phoenix/become-a-partner/
Convergent EDM,https://gregslist.com/phoenix/company/convergent-edm/
Convrrt,https://gregslist.com/phoenix/company/convrrt/
Cordless Media,https://gregslist.com/phoenix/company/cordless-media/
Corjl Software,https://gregslist.com/phoenix/company/corjl-software/
Cottonwood Software,https://gregslist.com/phoenix/company/cottonwood-software/
CreditMonitoring.com,https://gregslist.com/phoenix/company/creditmonitoring-com/
CropTrak,https://gregslist.com/phoenix/company/croptrak/
Cruise Automation,https://gregslist.com/phoenix/company/cruise-automation/
Crumb,https://gregslist.com/phoenix/company/crumb/
CU-Force by New Vision Marketing,https://gregslist.com/phoenix/company/cu-force-by-new-vision-marketing/
Cubex,https://gregslist.com/phoenix/company/cubex/
CurrencyPay,https://gregslist.com/phoenix/company/currencypay/
CustomerHub,https://gregslist.com/phoenix/company/customerhub/
CXT Software,https://gregslist.com/phoenix/company/cxt-software/
CyberMetrics,https://gregslist.com/phoenix/company/cybermetrics/
GREGSLIST PARTNER,https://gregslist.com/phoenix/become-a-partner/
CYMA Systems,https://gregslist.com/phoenix/company/cyma-systems/
CYR3CON,https://gregslist.com/phoenix/company/cyr3con/
DankLocal,https://gregslist.com/phoenix/company/danklocal/
Dash,https://gregslist.com/phoenix/company/dash/
DashLX,https://gregslist.com/phoenix/company/dashlx/
Data Connect,https://gregslist.com/phoenix/company/data-connect/
Database Systems - Emergency Broadcasting,https://gregslist.com/phoenix/company/database-systems-emergency-broadcasting/
databricks,https://gregslist.com/phoenix/company/databricks/
Datajoi,https://gregslist.com/phoenix/company/datajoi/
DataStreet,https://gregslist.com/phoenix/company/datastreet/
DaySmart,https://gregslist.com/phoenix/company/daysmart/
DealerPeak CRM,https://gregslist.com/phoenix/company/dealerpeak-crm/
Dealty,https://gregslist.com/phoenix/company/dealty/
Defendry,https://gregslist.com/phoenix/company/defendry/
Deliver EZ,https://gregslist.com/phoenix/company/deliver-ez/
GREGSLIST PARTNER,https://gregslist.com/phoenix/become-a-partner/
DeliverSense,https://gregslist.com/phoenix/company/deliversense/
Delivery Chain,https://gregslist.com/phoenix/company/delivery-chain/
DeliveryChain,https://gregslist.com/phoenix/company/deliverychain/
Dell Technologies,https://gregslist.com/phoenix/company/dell-technologies/
Delta Thermal,https://gregslist.com/phoenix/company/delta-thermal/
Dental Genie,https://gregslist.com/phoenix/company/dental-genie/
DentiMax,https://gregslist.com/phoenix/company/dentimax/
Desert Saber,https://gregslist.com/phoenix/company/desert-saber/
Design Pickle,https://gregslist.com/phoenix/company/design-pickle/
DesktopMates,https://gregslist.com/phoenix/company/desktopmates/
Digital Air Strike,https://gregslist.com/phoenix/company/digital-air-strike/
Digitexx,https://gregslist.com/phoenix/company/digitexx/
Digitile,https://gregslist.com/phoenix/company/digitile/
DocSolid,https://gregslist.com/phoenix/company/docsolid/
Document Companion,https://gregslist.com/phoenix/company/document-companion/
Docutech,https://gregslist.com/phoenix/company/docutech/
Doordash,https://gregslist.com/phoenix/company/doordash/
DotCompliance,https://gregslist.com/phoenix/company/dotcompliance/
dotScribe,https://gregslist.com/phoenix/company/dotscribe/
Dovly,https://gregslist.com/phoenix/company/dovly/
DOX EMR,https://gregslist.com/phoenix/company/dox-emr/
DrawAlert,https://gregslist.com/phoenix/company/drawalert/
DrFirst,https://gregslist.com/phoenix/company/drfirst/
Drive Roadside,https://gregslist.com/phoenix/company/drive-roadside/
Dropoff,https://gregslist.com/phoenix/company/dropoff/
DvsAnalytics,https://gregslist.com/phoenix/company/dvsanalytics/
E-Therapy,https://gregslist.com/phoenix/company/e-therapy/
Early Warning Services,https://gregslist.com/phoenix/company/early-warning-services/
Ease,https://gregslist.com/phoenix/company/ease/
Easy Voice,https://gregslist.com/phoenix/company/easy-voice/
GREGSLIST PARTNER,https://gregslist.com/phoenix/become-a-partner/
eBacon,https://gregslist.com/phoenix/company/ebacon/
eboCom,https://gregslist.com/phoenix/company/ebocom/
EC Suite,https://gregslist.com/phoenix/company/ec-suite/
Eco-Edge,https://gregslist.com/phoenix/company/eco-edge/
Edge3 Technologies,https://gregslist.com/phoenix/company/edge3-technologies/
Edufi,https://gregslist.com/phoenix/company/edufi/
Edupoint Educational Systems,https://gregslist.com/phoenix/company/edupoint-educational-systems/
Efficient Enterprise Engineering (Ex3),https://gregslist.com/phoenix/company/efficient-enterprise-engineering-ex3/
Effortless HR,https://gregslist.com/phoenix/company/effortless-hr/
Eldersense,https://gregslist.com/phoenix/company/eldersense/
Elevate Tickets,https://gregslist.com/phoenix/company/elevate-tickets/
ElevateU,https://gregslist.com/phoenix/company/elevateu/
Emagine Solutions Technology (Vistascan),https://gregslist.com/phoenix/company/emagine-solutions-technology-vistascan/
Emerge,https://gregslist.com/phoenix/company/emerge/
enChoice,https://gregslist.com/phoenix/company/enchoice/
GREGSLIST PARTNER,https://gregslist.com/phoenix/become-a-partner/
Endpoint,https://gregslist.com/phoenix/company/endpoint/
Enfuego Technologies,https://gregslist.com/phoenix/company/enfuego-technologies/
Enghouse Interactive,https://gregslist.com/phoenix/company/enghouse-interactive/
Enigma Data,https://gregslist.com/phoenix/company/enigma-data/
Enspire for Enterprise,https://gregslist.com/phoenix/company/enspire-for-enterprise/
EpiFinder,https://gregslist.com/phoenix/company/epifinder/
Equipifi,https://gregslist.com/phoenix/company/equipifi/
Ergoweb,https://gregslist.com/phoenix/company/ergoweb/
EscrowTab,https://gregslist.com/phoenix/company/escrowtab/
eTrack Tech,https://gregslist.com/phoenix/company/etrack-tech/
eUnify,https://gregslist.com/phoenix/company/eunify/
Event Software,https://gregslist.com/phoenix/company/event-software/
Eventinterface,https://gregslist.com/phoenix/company/eventinterface/
Evercast,https://gregslist.com/phoenix/company/evercast/
Evinto Solutions,https://gregslist.com/phoenix/company/evinto-solutions/
GREGSLIST PARTNER,https://gregslist.com/phoenix/become-a-partner/
eVisit,https://gregslist.com/phoenix/company/evisit/
Execute to Win,https://gregslist.com/phoenix/company/execute-to-win/
EyeTech Digital Systems,https://gregslist.com/phoenix/company/eyetech-digital-systems/
Eyetech Systems,https://gregslist.com/phoenix/company/eyetech-systems/
EZappt,https://gregslist.com/phoenix/company/ezappt/
FAMIGO,https://gregslist.com/phoenix/company/famigo/
Fasetto,https://gregslist.com/phoenix/company/fasetto/
Fast DMS,https://gregslist.com/phoenix/company/fast-dms/
Fastlink Software,https://gregslist.com/phoenix/company/fastlink-software/
Fidelis PPM,https://gregslist.com/phoenix/company/fidelis-ppm/
Fieldwire,https://gregslist.com/phoenix/company/fieldwire/
Files.com,https://gregslist.com/phoenix/company/files-com/
Find Your Influence,https://gregslist.com/phoenix/company/find-your-influence/
FireDrum,https://gregslist.com/phoenix/company/firedrum/
Fireline Science,https://gregslist.com/phoenix/company/fireline-science/
GREGSLIST PARTNER,https://gregslist.com/phoenix/become-a-partner/
Firstparty,https://gregslist.com/phoenix/company/firstparty/
Fit Pro Tracker,https://gregslist.com/phoenix/company/fit-pro-tracker/
Flagship Fleet Management,https://gregslist.com/phoenix/company/flagship-fleet-management/
Foresight Intelligence,https://gregslist.com/phoenix/company/foresight-intelligence/
Freedback,https://gregslist.com/phoenix/company/freedback/
Freestar,https://gregslist.com/phoenix/company/freestar/
Freightvana,https://gregslist.com/phoenix/company/freightvana/
Fullbay,https://gregslist.com/phoenix/company/fullbay/
Gainsight,https://gregslist.com/phoenix/company/gainsight/
Genius Avenue,https://gregslist.com/phoenix/company/genius-avenue/
Geospatial Analytics,https://gregslist.com/phoenix/company/geospatial-analytics/
Get Stabl,https://gregslist.com/phoenix/company/get-stabl/
GitKraken,https://gregslist.com/phoenix/company/gitkraken/
GlobalMed Telemedicine,https://gregslist.com/phoenix/company/globalmed-telemedicine/
GlobalTranz,https://gregslist.com/phoenix/company/globaltranz/
GREGSLIST PARTNER,https://gregslist.com/phoenix/become-a-partner/
Gnosis IQ,https://gregslist.com/phoenix/company/gnosis-iq/
GoDaddy,https://gregslist.com/phoenix/company/godaddy/
GolfPay,https://gregslist.com/phoenix/company/golfpay/
GPS Insight,https://gregslist.com/phoenix/company/gps-insight/
Granularity.co,https://gregslist.com/phoenix/company/granularity-co/
GraphicsFlow,https://gregslist.com/phoenix/company/graphicsflow/
GraphLock,https://gregslist.com/phoenix/company/graphlock/
Gridics,https://gregslist.com/phoenix/company/gridics/
Gridline,https://gregslist.com/phoenix/company/gridline/
GrinGO App,https://gregslist.com/phoenix/company/gringo-app/
GroveSite,https://gregslist.com/phoenix/company/grovesite/
Growers Network,https://gregslist.com/phoenix/company/growers-network/
Gruntwork,https://gregslist.com/phoenix/company/gruntwork/
HAMMOQ,https://gregslist.com/phoenix/company/hammoq/
Handwrytten,https://gregslist.com/phoenix/company/handwrytten/
GREGSLIST PARTNER,https://gregslist.com/phoenix/become-a-partner/
Happy Hired,https://gregslist.com/phoenix/company/happy-hired/
Hardhats,https://gregslist.com/phoenix/company/hardhats/
"HBM Prenscia, HBK",https://gregslist.com/phoenix/company/hbm-prenscia-hbk/
Heads Up,https://gregslist.com/phoenix/company/heads-up/
Health Information Management Systems,https://gregslist.com/phoenix/company/health-information-management-systems/
Healthdox,https://gregslist.com/phoenix/company/healthdox/
HealthTrio,https://gregslist.com/phoenix/company/healthtrio/
Helia Care,https://gregslist.com/phoenix/company/helia-care/
Henri,https://gregslist.com/phoenix/company/henri/
Higher Edge Software,https://gregslist.com/phoenix/company/higher-edge-software/
Hiji Band by Movement Interactive,https://gregslist.com/phoenix/company/hiji-band-by-movement-interactive/
HiringSolved,https://gregslist.com/phoenix/company/hiringsolved/
Hivemetric,https://gregslist.com/phoenix/company/hivemetric/
Hivewyre,https://gregslist.com/phoenix/company/hivewyre/
HomeKey Systems,https://gregslist.com/phoenix/company/homekey-systems/
GREGSLIST PARTNER,https://gregslist.com/phoenix/become-a-partner/
Hopjax,https://gregslist.com/phoenix/company/hopjax/
Houzz,https://gregslist.com/phoenix/company/houzz/
Hownd,https://gregslist.com/phoenix/company/hownd/
HUM,https://gregslist.com/phoenix/company/hum/
Huub,https://gregslist.com/phoenix/company/huub/
HybridChart,https://gregslist.com/phoenix/company/hybridchart/
Hypur,https://gregslist.com/phoenix/company/hypur/
I.Me.Mine,https://gregslist.com/phoenix/company/i-me-mine/
IBM,https://gregslist.com/phoenix/company/ibm/
ICM Document Solutions,https://gregslist.com/phoenix/company/icm-document-solutions/
IDCreator.com,https://gregslist.com/phoenix/company/idcreator-com/
IdLink Systems,https://gregslist.com/phoenix/company/idlink-systems/
iFlip Investor,https://gregslist.com/phoenix/company/iflip-investor/
"Imagine Learning, formerly Edgenuity",https://gregslist.com/phoenix/company/imagine-learning-formerly-edgenuity/
iMemories,https://gregslist.com/phoenix/company/imemories/
GREGSLIST PARTNER,https://gregslist.com/phoenix/become-a-partner/
Inara.AI,https://gregslist.com/phoenix/company/inara-ai/
Incentive Pilot,https://gregslist.com/phoenix/company/incentive-pilot/
Inception Technologies,https://gregslist.com/phoenix/company/inception-technologies/
Indeed,https://gregslist.com/phoenix/company/indeed/
InEight,https://gregslist.com/phoenix/company/ineight/
InflectionHR,https://gregslist.com/phoenix/company/inflectionhr/
InfluenceLogic,https://gregslist.com/phoenix/company/influencelogic/
inkfrog,https://gregslist.com/phoenix/company/inkfrog/
InkSoft,https://gregslist.com/phoenix/company/inksoft/
Inktavo,https://gregslist.com/phoenix/company/inktavo/
Integrate,https://gregslist.com/phoenix/company/integrate/
Intel,https://gregslist.com/phoenix/company/intel/
Intellimed,https://gregslist.com/phoenix/company/intellimed/
Intercept CX,https://gregslist.com/phoenix/company/intercept-cx/
Intuit,https://gregslist.com/phoenix/company/intuit/
GREGSLIST PARTNER,https://gregslist.com/phoenix/become-a-partner/
Ionia,https://gregslist.com/phoenix/company/ionia/
IPRO,https://gregslist.com/phoenix/company/ipro/
IQZone,https://gregslist.com/phoenix/company/iqzone/
ISO 27001 Software - ISO Manager,https://gregslist.com/phoenix/company/iso-27001-software-iso-manager/
iTel Companies,https://gregslist.com/phoenix/company/itel-companies/
iTether,https://gregslist.com/phoenix/company/itether/
I've Been Vetted,https://gregslist.com/phoenix/company/ive-been-vetted/
Ivis Technologies,https://gregslist.com/phoenix/company/ivis-technologies/
JobDocs,https://gregslist.com/phoenix/company/jobdocs/
Jonas Chorum,https://gregslist.com/phoenix/company/jonas-chorum/
Joticle,https://gregslist.com/phoenix/company/joticle/
Journeyage,https://gregslist.com/phoenix/company/journeyage/
JusticeTrax,https://gregslist.com/phoenix/company/justicetrax/
Juuice,https://gregslist.com/phoenix/company/juuice/
K-MOTION Interactive,https://gregslist.com/phoenix/company/k-motion-interactive/
GREGSLIST PARTNER,https://gregslist.com/phoenix/become-a-partner/
K16 Solutions,https://gregslist.com/phoenix/company/k16-solutions/
k9 Security,https://gregslist.com/phoenix/company/k9-security/
Kanban Zone,https://gregslist.com/phoenix/company/kanban-zone/
KARBON,https://gregslist.com/phoenix/company/karbon/
Kasadia,https://gregslist.com/phoenix/company/kasadia/
Keap,https://gregslist.com/phoenix/company/keap/
KeepWOL,https://gregslist.com/phoenix/company/keepwol/
Kerkton Security Technologies,https://gregslist.com/phoenix/company/kerkton-security-technologies/
Keystroke Data,https://gregslist.com/phoenix/company/keystroke-data/
Kler,https://gregslist.com/phoenix/company/kler/
Kogni,https://gregslist.com/phoenix/company/kogni/
Kryterion,https://gregslist.com/phoenix/company/kryterion/
KUBRA,https://gregslist.com/phoenix/company/kubra/
Kudelski Security,https://gregslist.com/phoenix/company/kudelski-security/
Kwiktag by enChoice,https://gregslist.com/phoenix/company/kwiktag-by-enchoice/
GREGSLIST PARTNER,https://gregslist.com/phoenix/become-a-partner/
L6 Elite,https://gregslist.com/phoenix/company/l6-elite/
"LawLogix, Equifax Workforce Solutions",https://gregslist.com/phoenix/company/lawlogix-equifax-workforce-solutions/
LawLytics,https://gregslist.com/phoenix/company/lawlytics/
Lead Forensics,https://gregslist.com/phoenix/company/lead-forensics/
LeadFuze,https://gregslist.com/phoenix/company/leadfuze/
LeadQuizzes,https://gregslist.com/phoenix/company/leadquizzes/
LeaseHawk,https://gregslist.com/phoenix/company/leasehawk/
Lemonade,https://gregslist.com/phoenix/company/lemonade/
LenCred,https://gregslist.com/phoenix/company/lencred/
Lessen,https://gregslist.com/phoenix/company/lessen/
Levelhead,https://gregslist.com/phoenix/company/levelhead/
LexisNexis Risk Solutions,https://gregslist.com/phoenix/company/lexisnexis-risk-solutions/
Life365,https://gregslist.com/phoenix/company/life365/
LifeCycle Delivery,https://gregslist.com/phoenix/company/lifecycle-delivery/
LifeGuides,https://gregslist.com/phoenix/company/lifeguides/
LighthousePE,https://gregslist.com/phoenix/company/lighthousepe/
Lightning Law,https://gregslist.com/phoenix/company/lightning-law/
Lilia Health,https://gregslist.com/phoenix/company/lilia-health/
List Perfectly,https://gregslist.com/phoenix/company/list-perfectly/
ListenUp DAO,https://gregslist.com/phoenix/company/listenup-dao/
Living Spec,https://gregslist.com/phoenix/company/living-spec/
Livit Lab,https://gregslist.com/phoenix/company/livit-lab/
Loadster Performance,https://gregslist.com/phoenix/company/loadster-performance/
Loanatik,https://gregslist.com/phoenix/company/loanatik/
Localwork,https://gregslist.com/phoenix/company/localwork/
Lockstep Systems,https://gregslist.com/phoenix/company/lockstep-systems/
Lofty,https://gregslist.com/phoenix/company/lofty/
"Logos, formerly Faithlife",https://gregslist.com/phoenix/company/logos-formerly-faithlife/
Losci,https://gregslist.com/phoenix/company/losci/
Lotus Labs,https://gregslist.com/phoenix/company/lotus-labs/
GREGSLIST PARTNER,https://gregslist.com/phoenix/become-a-partner/
Love Your Neighbor,https://gregslist.com/phoenix/company/love-your-neighbor/
Lumenbrite,https://gregslist.com/phoenix/company/lumenbrite/
LVM Systems,https://gregslist.com/phoenix/company/lvm-systems/
Lyft,https://gregslist.com/phoenix/company/lyft/
Lynx Photo Manager,https://gregslist.com/phoenix/company/lynx-photo-manager/
Machine Tracking,https://gregslist.com/phoenix/company/machine-tracking/
MAGGEY Software,https://gregslist.com/phoenix/company/maggey-software/
MailTag.io,https://gregslist.com/phoenix/company/mailtag-io/
Markate,https://gregslist.com/phoenix/company/markate/
Market Insight Corporation (MyProductAdvisor.com),https://gregslist.com/phoenix/company/market-insight-corporation-myproductadvisor-com/
Marro Technologies,https://gregslist.com/phoenix/company/marro-technologies/
MasterTax,https://gregslist.com/phoenix/company/mastertax/
McCormick Systems,https://gregslist.com/phoenix/company/mccormick-systems/
MDS Medical,https://gregslist.com/phoenix/company/mds-medical/
Media Solutions,https://gregslist.com/phoenix/company/media-solutions/
GREGSLIST PARTNER,https://gregslist.com/phoenix/become-a-partner/
MediaKits,https://gregslist.com/phoenix/company/mediakits/
Medianet Solutions,https://gregslist.com/phoenix/company/medianet-solutions/
Medical Memory,https://gregslist.com/phoenix/company/medical-memory/
Medicom Technologies,https://gregslist.com/phoenix/company/medicom-technologies/
Medicx Media Solutions,https://gregslist.com/phoenix/company/medicx-media-solutions/
"MediRoutes, formerly Schedule Viewer",https://gregslist.com/phoenix/company/mediroutes-formerly-schedule-viewer/
Medplace,https://gregslist.com/phoenix/company/medplace/
"MeMD, part of the Walmart Health family",https://gregslist.com/phoenix/company/memd-part-of-the-walmart-health-family/
MenoLabs,https://gregslist.com/phoenix/company/menolabs/
mentumm,https://gregslist.com/phoenix/company/mentumm/
MePlusMore,https://gregslist.com/phoenix/company/meplusmore/
Metfora,https://gregslist.com/phoenix/company/metfora/
Micron.Dental,https://gregslist.com/phoenix/company/micron-dental/
Microsoft,https://gregslist.com/phoenix/company/microsoft/
Milesoft,https://gregslist.com/phoenix/company/milesoft/
GREGSLIST PARTNER,https://gregslist.com/phoenix/become-a-partner/
Mindbody,https://gregslist.com/phoenix/company/mindbody/
Mindset Medical,https://gregslist.com/phoenix/company/mindset-medical/
MiniDentist,https://gregslist.com/phoenix/company/minidentist/
MiniSoft Phoenix,https://gregslist.com/phoenix/company/minisoft-phoenix/
Miriad Technologies,https://gregslist.com/phoenix/company/miriad-technologies/
Mitel,https://gregslist.com/phoenix/company/mitel/
MobileBytes,https://gregslist.com/phoenix/company/mobilebytes/
Mobivity,https://gregslist.com/phoenix/company/mobivity/
Modrinth,https://gregslist.com/phoenix/company/modrinth/
Modulus,https://gregslist.com/phoenix/company/modulus/
Modulus Global,https://gregslist.com/phoenix/company/modulus-global/
Monetary Metals,https://gregslist.com/phoenix/company/monetary-metals/
Moov,https://gregslist.com/phoenix/company/moov/
More Bass,https://gregslist.com/phoenix/company/more-bass/
MotorLot,https://gregslist.com/phoenix/company/motorlot/
GREGSLIST PARTNER,https://gregslist.com/phoenix/become-a-partner/
My First Nest Egg,https://gregslist.com/phoenix/company/my-first-nest-egg/
MyCarrier,https://gregslist.com/phoenix/company/mycarrier/
MyEzCare,https://gregslist.com/phoenix/company/myezcare/
MyLife Mobile,https://gregslist.com/phoenix/company/mylife-mobile/
Myndshft,https://gregslist.com/phoenix/company/myndshft/
Namescape,https://gregslist.com/phoenix/company/namescape/
Narrative Wave,https://gregslist.com/phoenix/company/narrative-wave/
Navi Nurses,https://gregslist.com/phoenix/company/navi-nurses/
Naya Energy,https://gregslist.com/phoenix/company/naya-energy/
Neon Digital Signage,https://gregslist.com/phoenix/company/neon-digital-signage/
nettime solutions,https://gregslist.com/phoenix/company/nettime-solutions/
NetWorth Services,https://gregslist.com/phoenix/company/networth-services/
Next,https://gregslist.com/phoenix/company/next/
Nextiva,https://gregslist.com/phoenix/company/nextiva/
NextStudent,https://gregslist.com/phoenix/company/nextstudent/
GREGSLIST PARTNER,https://gregslist.com/phoenix/become-a-partner/
nFocus Solutions,https://gregslist.com/phoenix/company/nfocus-solutions/
NJBsoft,https://gregslist.com/phoenix/company/njbsoft/
Nod Specialists,https://gregslist.com/phoenix/company/nod-specialists/
Noir.lighting,https://gregslist.com/phoenix/company/noir-lighting/
Norton LifeLock,https://gregslist.com/phoenix/company/norton-lifelock/
NuclearN,https://gregslist.com/phoenix/company/nuclearn/
Nurseio,https://gregslist.com/phoenix/company/nurseio/
Nurture Boss,https://gregslist.com/phoenix/company/nurture-boss/
Nuvro,https://gregslist.com/phoenix/company/nuvro/
OfferPad,https://gregslist.com/phoenix/company/offerpad/
Open Journal Systems,https://gregslist.com/phoenix/company/open-journal-systems/
OpenClass,https://gregslist.com/phoenix/company/openclass/
Opendoor,https://gregslist.com/phoenix/company/opendoor/
Openforce,https://gregslist.com/phoenix/company/openforce/
OpenTech Alliance,https://gregslist.com/phoenix/company/opentech-alliance/
GREGSLIST PARTNER,https://gregslist.com/phoenix/become-a-partner/
OpenText,https://gregslist.com/phoenix/company/opentext/
OpSuite,https://gregslist.com/phoenix/company/opsuite/
OptimumHQ,https://gregslist.com/phoenix/company/optimumhq/
Optivision,https://gregslist.com/phoenix/company/optivision/
Orb Health,https://gregslist.com/phoenix/company/orb-health/
OrderTech,https://gregslist.com/phoenix/company/ordertech/
Outages.io,https://gregslist.com/phoenix/company/outages-io/
OvationCXM,https://gregslist.com/phoenix/company/ovationcxm/
OYE! Business Intelligence,https://gregslist.com/phoenix/company/oye-business-intelligence/
OZZI,https://gregslist.com/phoenix/company/ozzi/
Pacestar Software,https://gregslist.com/phoenix/company/pacestar-software/
Page Per Page,https://gregslist.com/phoenix/company/page-per-page/
Pagely,https://gregslist.com/phoenix/company/pagely/
Papr.cloud,https://gregslist.com/phoenix/company/papr-cloud/
Paradox,https://gregslist.com/phoenix/company/paradox/
GREGSLIST PARTNER,https://gregslist.com/phoenix/become-a-partner/
Parchment,https://gregslist.com/phoenix/company/parchment/
Parts Detect,https://gregslist.com/phoenix/company/parts-detect/
PasRM,https://gregslist.com/phoenix/company/pasrm/
Payground,https://gregslist.com/phoenix/company/payground/
PayPal,https://gregslist.com/phoenix/company/paypal/
Pearson Education,https://gregslist.com/phoenix/company/pearson-education/
Peerlogic,https://gregslist.com/phoenix/company/peerlogic/
PEPID,https://gregslist.com/phoenix/company/pepid/
PerceptionPredict,https://gregslist.com/phoenix/company/perceptionpredict/
Performance Software Corporation,https://gregslist.com/phoenix/company/performance-software-corporation/
Persefoni,https://gregslist.com/phoenix/company/persefoni/
PersonaFi,https://gregslist.com/phoenix/company/personafi/
Persosa,https://gregslist.com/phoenix/company/persosa/
Petista,https://gregslist.com/phoenix/company/petista/
Petroleum Rx,https://gregslist.com/phoenix/company/petroleum-rx/
GREGSLIST PARTNER,https://gregslist.com/phoenix/become-a-partner/
PhoenixSoft,https://gregslist.com/phoenix/company/phoenixsoft/
Photon Medical,https://gregslist.com/phoenix/company/photon-medical/
PicMonic,https://gregslist.com/phoenix/company/picmonic/
Pidgi,https://gregslist.com/phoenix/company/pidgi/
Pillir,https://gregslist.com/phoenix/company/pillir/
Pipeline AZ,https://gregslist.com/phoenix/company/pipeline-az/
Pitchvantage,https://gregslist.com/phoenix/company/pitchvantage/
Planful,https://gregslist.com/phoenix/company/planful/
Plannly,https://gregslist.com/phoenix/company/plannly/
PlusThis,https://gregslist.com/phoenix/company/plusthis/
Point of Success,https://gregslist.com/phoenix/company/point-of-success/
Polaris Aero,https://gregslist.com/phoenix/company/polaris-aero/
Pool Brain,https://gregslist.com/phoenix/company/pool-brain/
PostBidShip,https://gregslist.com/phoenix/company/postbidship/
Postscript,https://gregslist.com/phoenix/company/postscript/
GREGSLIST PARTNER,https://gregslist.com/phoenix/become-a-partner/
PowerDispatch by Seyego,https://gregslist.com/phoenix/company/powerdispatch-by-seyego/
Prenda,https://gregslist.com/phoenix/company/prenda/
Prevalent,https://gregslist.com/phoenix/company/prevalent/
Priasoft,https://gregslist.com/phoenix/company/priasoft/
Privoro,https://gregslist.com/phoenix/company/privoro/
ProCARE Portal,https://gregslist.com/phoenix/company/procare-portal/
Proctorio,https://gregslist.com/phoenix/company/proctorio/
ProcureNetworks,https://gregslist.com/phoenix/company/procurenetworks/
ProDBX,https://gregslist.com/phoenix/company/prodbx/
Profit Finder Pro,https://gregslist.com/phoenix/company/profit-finder-pro/
ProfitKeeper by PrimePay,https://gregslist.com/phoenix/company/profitkeeper-by-primepay/
Projx360,https://gregslist.com/phoenix/company/projx360/
Proof Analytics,https://gregslist.com/phoenix/company/proof-analytics/
Propertybase,https://gregslist.com/phoenix/company/propertybase/
Protecht,https://gregslist.com/phoenix/company/protecht/
GREGSLIST PARTNER,https://gregslist.com/phoenix/become-a-partner/
Protos Software,https://gregslist.com/phoenix/company/protos-software/
PTOffice,https://gregslist.com/phoenix/company/ptoffice/
Punctual,https://gregslist.com/phoenix/company/punctual/
PureTech Systems,https://gregslist.com/phoenix/company/puretech-systems/
Pyx Health,https://gregslist.com/phoenix/company/pyx-health/
Q-Free,https://gregslist.com/phoenix/company/q-free/
qBotica,https://gregslist.com/phoenix/company/qbotica/
Quibble,https://gregslist.com/phoenix/company/quibble/
Quilted,https://gregslist.com/phoenix/company/quilted/
QuoteFlare,https://gregslist.com/phoenix/company/quoteflare/
Qwick,https://gregslist.com/phoenix/company/qwick/
QXM Solutions,https://gregslist.com/phoenix/company/qxm-solutions/
RadialSpark,https://gregslist.com/phoenix/company/radialspark/
RadiusAI,https://gregslist.com/phoenix/company/radiusai/
Radix,https://gregslist.com/phoenix/company/radix/
GREGSLIST PARTNER,https://gregslist.com/phoenix/become-a-partner/
RAIDLOG,https://gregslist.com/phoenix/company/raidlog/
RallyUp,https://gregslist.com/phoenix/company/rallyup/
Reach.ai,https://gregslist.com/phoenix/company/reach-ai/
ReadSmart by Language Technologies,https://gregslist.com/phoenix/company/readsmart-by-language-technologies/
ReadyCloud,https://gregslist.com/phoenix/company/readycloud/
Realty Pilot,https://gregslist.com/phoenix/company/realty-pilot/
Recur360 Software,https://gregslist.com/phoenix/company/recur360-software/
Redtail Technology,https://gregslist.com/phoenix/company/redtail-technology/
Reelay,https://gregslist.com/phoenix/company/reelay/
"Referria, formerly Retinent",https://gregslist.com/phoenix/company/referria-formerly-retinent/
ReliaSoft (HBM Prenscia),https://gregslist.com/phoenix/company/reliasoft-hbm-prenscia/
Remitter,https://gregslist.com/phoenix/company/remitter/
REPAY,https://gregslist.com/phoenix/company/repay/
Reputation,https://gregslist.com/phoenix/company/reputation/
Reqfast,https://gregslist.com/phoenix/company/reqfast/
Resonea,https://gregslist.com/phoenix/company/resonea/
Resource Innovations,https://gregslist.com/phoenix/company/resource-innovations/
Response Analytics,https://gregslist.com/phoenix/company/response-analytics/
Retailer Web Services,https://gregslist.com/phoenix/company/retailer-web-services/
Revolution Parts,https://gregslist.com/phoenix/company/revolution-parts/
RFPMonkey.com,https://gregslist.com/phoenix/company/rfpmonkey-com/
Ring (Amazon),https://gregslist.com/phoenix/company/ring-amazon/
Rivia Health,https://gregslist.com/phoenix/company/rivia-health/
Rixon Technology,https://gregslist.com/phoenix/company/rixon-technology/
Rovicare,https://gregslist.com/phoenix/company/rovicare/
Rowboat Software,https://gregslist.com/phoenix/company/rowboat-software/
rsvpBOOK,https://gregslist.com/phoenix/company/rsvpbook/
RTA Fleet Management,https://gregslist.com/phoenix/company/rta-fleet-management/
RVnGO,https://gregslist.com/phoenix/company/rvngo/
RxMapper,https://gregslist.com/phoenix/company/rxmapper/
GREGSLIST PARTNER,https://gregslist.com/phoenix/become-a-partner/
RyanTech Cloud Services,https://gregslist.com/phoenix/company/ryantech-cloud-services/
RYCOR,https://gregslist.com/phoenix/company/rycor/
Sagacity Golf,https://gregslist.com/phoenix/company/sagacity-golf/
SalesTalk Technologies,https://gregslist.com/phoenix/company/salestalk-technologies/
Salucro,https://gregslist.com/phoenix/company/salucro/
SAP,https://gregslist.com/phoenix/company/sap/
SAS,https://gregslist.com/phoenix/company/sas/
Savant Software,https://gregslist.com/phoenix/company/savant-software/
Savvy Trader,https://gregslist.com/phoenix/company/savvy-trader/
Schmoop,https://gregslist.com/phoenix/company/schmoop/
Schola,https://gregslist.com/phoenix/company/schola/
School Management and Record Tracking,https://gregslist.com/phoenix/company/school-management-and-record-tracking/
SchoolCues,https://gregslist.com/phoenix/company/schoolcues/
Scratchware,https://gregslist.com/phoenix/company/scratchware/
Seedscout,https://gregslist.com/phoenix/company/seedscout/
GREGSLIST PARTNER,https://gregslist.com/phoenix/become-a-partner/
Seedy,https://gregslist.com/phoenix/company/seedy/
Sendoso,https://gregslist.com/phoenix/company/sendoso/
Sensagrate,https://gregslist.com/phoenix/company/sensagrate/
SERVD,https://gregslist.com/phoenix/company/servd/
Service Guru,https://gregslist.com/phoenix/company/service-guru/
SGNT,https://gregslist.com/phoenix/company/sgnt/
Shared Performance,https://gregslist.com/phoenix/company/shared-performance/
"Sharetek, formerly True Mobile Health",https://gregslist.com/phoenix/company/sharetek-formerly-true-mobile-health/
Shepherd Veterinary Software,https://gregslist.com/phoenix/company/shepherd-veterinary-software/
Shiftx,https://gregslist.com/phoenix/company/shiftx/
Shop Controller,https://gregslist.com/phoenix/company/shop-controller/
Shotzoom,https://gregslist.com/phoenix/company/shotzoom/
Showit,https://gregslist.com/phoenix/company/showit/
Shutterfly,https://gregslist.com/phoenix/company/shutterfly/
Siemens Digital Industries Software,https://gregslist.com/phoenix/company/siemens-digital-industries-software/
GREGSLIST PARTNER,https://gregslist.com/phoenix/become-a-partner/
Simpatra,https://gregslist.com/phoenix/company/simpatra/
SimpleView,https://gregslist.com/phoenix/company/simpleview/
SimpliBuzz,https://gregslist.com/phoenix/company/simplibuzz/
Simply Noted,https://gregslist.com/phoenix/company/simply-noted/
Sinatra,https://gregslist.com/phoenix/company/sinatra/
Sisense,https://gregslist.com/phoenix/company/sisense/
"Sitelock, a Sectigo Company",https://gregslist.com/phoenix/company/sitelock-a-sectigo-company/
SitesUSA,https://gregslist.com/phoenix/company/sitesusa/
Skillsoft,https://gregslist.com/phoenix/company/skillsoft/
Skookii,https://gregslist.com/phoenix/company/skookii/
SkyTouch Technology,https://gregslist.com/phoenix/company/skytouch-technology/
SLP Now,https://gregslist.com/phoenix/company/slp-now/
SLP Toolkit,https://gregslist.com/phoenix/company/slp-toolkit/
Smart Retail Solutions,https://gregslist.com/phoenix/company/smart-retail-solutions/
SmartCert by Aramid,https://gregslist.com/phoenix/company/smartcert-by-aramid/
GREGSLIST PARTNER,https://gregslist.com/phoenix/become-a-partner/
SmarterTools,https://gregslist.com/phoenix/company/smartertools/
SmartRent,https://gregslist.com/phoenix/company/smartrent/
Smile Virtual,https://gregslist.com/phoenix/company/smile-virtual/
Snapcreek,https://gregslist.com/phoenix/company/snapcreek/
Social Cycle,https://gregslist.com/phoenix/company/social-cycle/
SocialRounds,https://gregslist.com/phoenix/company/socialrounds/
Softeligent,https://gregslist.com/phoenix/company/softeligent/
Solera Health,https://gregslist.com/phoenix/company/solera-health/
Solid State Networks,https://gregslist.com/phoenix/company/solid-state-networks/
Soraban,https://gregslist.com/phoenix/company/soraban/
SoTellUs,https://gregslist.com/phoenix/company/sotellus/
Spatial,https://gregslist.com/phoenix/company/spatial/
Spear Education,https://gregslist.com/phoenix/company/spear-education/
Sperse,https://gregslist.com/phoenix/company/sperse/
Spiffy,https://gregslist.com/phoenix/company/spiffy/
GREGSLIST PARTNER,https://gregslist.com/phoenix/become-a-partner/
Spireon,https://gregslist.com/phoenix/company/spireon/
Sporfie,https://gregslist.com/phoenix/company/sporfie/
SpyFu,https://gregslist.com/phoenix/company/spyfu/
SquadPod,https://gregslist.com/phoenix/company/squadpod/
Statgrader.com,https://gregslist.com/phoenix/company/statgrader-com/
STC Health,https://gregslist.com/phoenix/company/stc-health/
Steady Install,https://gregslist.com/phoenix/company/steady-install/
SteadyNet,https://gregslist.com/phoenix/company/steadynet/
StealthSeminar,https://gregslist.com/phoenix/company/stealthseminar/
Stock Timing Tech,https://gregslist.com/phoenix/company/stock-timing-tech/
Streamline Vacation Rental Software,https://gregslist.com/phoenix/company/streamline-vacation-rental-software/
Strongmind,https://gregslist.com/phoenix/company/strongmind/
Support My Club,https://gregslist.com/phoenix/company/support-my-club/
Supurb,https://gregslist.com/phoenix/company/supurb/
Surgio Health,https://gregslist.com/phoenix/company/surgio-health/
GREGSLIST PARTNER,https://gregslist.com/phoenix/become-a-partner/
Sweetbridge,https://gregslist.com/phoenix/company/sweetbridge/
Symmetry Software,https://gregslist.com/phoenix/company/symmetry-software/
Syncrement,https://gregslist.com/phoenix/company/syncrement/
Synel Americas,https://gregslist.com/phoenix/company/synel-americas/
SynSaber,https://gregslist.com/phoenix/company/synsaber/
System Concepts,https://gregslist.com/phoenix/company/system-concepts/
Systrends,https://gregslist.com/phoenix/company/systrends/
TALK Accounting,https://gregslist.com/phoenix/company/talk-accounting/
Talus Pay,https://gregslist.com/phoenix/company/talus-pay/
TapRoot,https://gregslist.com/phoenix/company/taproot/
Target Data Systems,https://gregslist.com/phoenix/company/target-data-systems/
Tariy,https://gregslist.com/phoenix/company/tariy/
TCR Software,https://gregslist.com/phoenix/company/tcr-software/
Televeda,https://gregslist.com/phoenix/company/televeda/
Terkel,https://gregslist.com/phoenix/company/terkel/
GREGSLIST PARTNER,https://gregslist.com/phoenix/become-a-partner/
TextAim,https://gregslist.com/phoenix/company/textaim/
Thalo Technologies,https://gregslist.com/phoenix/company/thalo-technologies/
The Polls Platform,https://gregslist.com/phoenix/company/the-polls-platform/
TheRecordXchange,https://gregslist.com/phoenix/company/therecordxchange/
Thinking Systems,https://gregslist.com/phoenix/company/thinking-systems/
Tile 38,https://gregslist.com/phoenix/company/tile-38/
Time Clock GO,https://gregslist.com/phoenix/company/time-clock-go/
Time Data Systems,https://gregslist.com/phoenix/company/time-data-systems/
Timeero,https://gregslist.com/phoenix/company/timeero/
Title 21 Health Solutions,https://gregslist.com/phoenix/company/title-21-health-solutions/
TM Cloud,https://gregslist.com/phoenix/company/tm-cloud/
TMS The Money Source,https://gregslist.com/phoenix/company/tms-the-money-source/
Token IQ,https://gregslist.com/phoenix/company/token-iq/
Toothio,https://gregslist.com/phoenix/company/toothio/
TotalMD,https://gregslist.com/phoenix/company/totalmd/
GREGSLIST PARTNER,https://gregslist.com/phoenix/become-a-partner/
Trackstar,https://gregslist.com/phoenix/company/trackstar/
Trainual,https://gregslist.com/phoenix/company/trainual/
Traklight,https://gregslist.com/phoenix/company/traklight/
Transmosis,https://gregslist.com/phoenix/company/transmosis/
TranSolutions,https://gregslist.com/phoenix/company/transolutions/
Transpara,https://gregslist.com/phoenix/company/transpara/
Trax Technologies,https://gregslist.com/phoenix/company/trax-technologies/
Treplan,https://gregslist.com/phoenix/company/treplan/
TriBuild,https://gregslist.com/phoenix/company/tribuild/
TRIMS Software,https://gregslist.com/phoenix/company/trims-software/
TriStar,https://gregslist.com/phoenix/company/tristar/
Trucker Path,https://gregslist.com/phoenix/company/trucker-path/
Truckstop.com,https://gregslist.com/phoenix/company/truckstop-com/
Trumpet,https://gregslist.com/phoenix/company/trumpet/
Trusona,https://gregslist.com/phoenix/company/trusona/
GREGSLIST PARTNER,https://gregslist.com/phoenix/become-a-partner/
"Truyo, an IntraEdge Company",https://gregslist.com/phoenix/company/truyo-an-intraedge-company/
TTEC,https://gregslist.com/phoenix/company/ttec/
Tuned,https://gregslist.com/phoenix/company/tuned/
TuSimple,https://gregslist.com/phoenix/company/tusimple/
Tyler Technologies,https://gregslist.com/phoenix/company/tyler-technologies/
Uber,https://gregslist.com/phoenix/company/uber/
Ubiquia,https://gregslist.com/phoenix/company/ubiquia/
UnBiasIt,https://gregslist.com/phoenix/company/unbiasit/
Unislink,https://gregslist.com/phoenix/company/unislink/
Uniti,https://gregslist.com/phoenix/company/uniti/
UpFront,https://gregslist.com/phoenix/company/upfront/
Upgrade,https://gregslist.com/phoenix/company/upgrade/
Uplinq,https://gregslist.com/phoenix/company/uplinq/
UpRecruit,https://gregslist.com/phoenix/company/uprecruit/
USGN,https://gregslist.com/phoenix/company/usgn/
GREGSLIST PARTNER,https://gregslist.com/phoenix/become-a-partner/
vCandidates.com,https://gregslist.com/phoenix/company/vcandidates-com/
Veras Retail,https://gregslist.com/phoenix/company/veras-retail/
Verifone,https://gregslist.com/phoenix/company/verifone/
Verkada,https://gregslist.com/phoenix/company/verkada/
Verra Mobility,https://gregslist.com/phoenix/company/verra-mobility/
Versatile Software Systems,https://gregslist.com/phoenix/company/versatile-software-systems/
Via3,https://gregslist.com/phoenix/company/via3/
VIQ Solutions,https://gregslist.com/phoenix/company/viq-solutions/
Virtuous Software,https://gregslist.com/phoenix/company/virtuous-software/
VisualVault,https://gregslist.com/phoenix/company/visualvault/
VivaHR,https://gregslist.com/phoenix/company/vivahr/
Vixxo,https://gregslist.com/phoenix/company/vixxo/
Vound,https://gregslist.com/phoenix/company/vound/
VPM Partners,https://gregslist.com/phoenix/company/vpm-partners/
Vroom,https://gregslist.com/phoenix/company/vroom/
GREGSLIST PARTNER,https://gregslist.com/phoenix/become-a-partner/
Wamba World,https://gregslist.com/phoenix/company/wamba-world/
Wealth,https://gregslist.com/phoenix/company/wealth/
WealthVP,https://gregslist.com/phoenix/company/wealthvp/
Weave Education,https://gregslist.com/phoenix/company/weave-education/
Webgility,https://gregslist.com/phoenix/company/webgility/
WebPT,https://gregslist.com/phoenix/company/webpt/
Wherobots,https://gregslist.com/phoenix/company/wherobots/
Wigzo by Shiprocket,https://gregslist.com/phoenix/company/wigzo-by-shiprocket/
Wildjoy,https://gregslist.com/phoenix/company/wildjoy/
Wise Agent,https://gregslist.com/phoenix/company/wise-agent/
Workamajig,https://gregslist.com/phoenix/company/workamajig/
Workiva,https://gregslist.com/phoenix/company/workiva/
Wreno,https://gregslist.com/phoenix/company/wreno/
Xcelerate Restoration Software,https://gregslist.com/phoenix/company/xcelerate-restoration-software/
Xmetryx,https://gregslist.com/phoenix/company/xmetryx/
Yakkertech,https://gregslist.com/phoenix/company/yakkertech/
Yardi,https://gregslist.com/phoenix/company/yardi/
Yellowbird,https://gregslist.com/phoenix/company/yellowbird/
Yelp,https://gregslist.com/phoenix/company/yelp/
YouStake,https://gregslist.com/phoenix/company/youstake/
Z-Micro Technologies,https://gregslist.com/phoenix/company/z-micro-technologies/
Zark Parking Solutions,https://gregslist.com/phoenix/company/zark-parking-solutions/
"Zelle, created by Early Warning",https://gregslist.com/phoenix/company/zelle-created-by-early-warning/
Zenefits,https://gregslist.com/phoenix/company/zenefits/
Zenploy,https://gregslist.com/phoenix/company/zenploy/
Zillow Group,https://gregslist.com/phoenix/company/zillow-group/
Zippykind,https://gregslist.com/phoenix/company/zippykind/
ZipRecruiter,https://gregslist.com/phoenix/company/ziprecruiter/
Zocdoc,https://gregslist.com/phoenix/company/zocdoc/
Zoom Video Communications,https://gregslist.com/phoenix/company/zoom-video-communications/
GREGSLIST PARTNER,https://gregslist.com/phoenix/become-a-partner/
ZorroSign,https://gregslist.com/phoenix/company/zorrosign/
Zuza,https://gregslist.com/phoenix/company/zuza/
ZyraTalk,https://gregslist.com/phoenix/company/zyratalk/
