Company Name,Company URL,Jobs Page URL
1st Providers Choice,https://gregslist.com/phoenix/company/1st-providers-choice/,https://1stproviderschoice.com/contact-us/careers.php/
Abstrakt,https://gregslist.com/phoenix/company/abstrakt/,https://abstrakt.ai/why-abstrakt/careers/
Accruent,https://gregslist.com/phoenix/company/accruent/,https://www.accruent.com/about-us/careers/
Acronis SCS,https://gregslist.com/phoenix/company/acronis-scs/,https://acronisscs.com/careers/
ACT!,https://gregslist.com/phoenix/company/act/,http://www.act.com/careers/
ActualMetrics,https://gregslist.com/phoenix/company/actualmetrics/,https://www.actualmetrics.com/company/jobs/
ADP,https://gregslist.com/phoenix/company/adp/,https://jobs.adp.com/?rb=ADP_COM
AerialSphere,https://gregslist.com/phoenix/company/aerialsphere/,https://www.aerialsphere.com/careers/
Alert GPS,https://gregslist.com/phoenix/company/alert-gps/,https://alertgps.com/careers/
AlgoFace,https://gregslist.com/phoenix/company/algoface/,https://www.algoface.ai/careers/
Allstate Identity Protection,https://gregslist.com/phoenix/company/allstate-identity-protection/,https://www.allstateidentityprotection.com/business/about-us/join-our-team
Amazon Services,https://gregslist.com/phoenix/company/amazon-services/,https://www.amazon.jobs/en/
Anju Software,https://gregslist.com/phoenix/company/anju-software/,https://www.anjusoftware.com/company/careers
Annexus,https://gregslist.com/phoenix/company/annexus/,https://www.annexus.com/careers/
Anython,https://gregslist.com/phoenix/company/anython/,https://anython.com/home/Careers/
Arcoro,https://gregslist.com/phoenix/company/arcoro/,https://arcoro.com/careers/
Arrivia,https://gregslist.com/phoenix/company/arrivia/,https://careers.arrivia.com/
Aspen Systems,https://gregslist.com/phoenix/company/aspen-systems/,https://www.aspen-systems.com/contact/aspen-careers/
Assessment Technology,https://gregslist.com/phoenix/company/assessment-technology/,https://www.ati-online.com/ati/ATICareers.php/
assisTek,https://gregslist.com/phoenix/company/assistek/,https://assistek.com/careers/
Attainia from Revalize,https://gregslist.com/phoenix/company/attainia-from-revalize/,https://revalizesoftware.com/careers/
AudioEye,https://gregslist.com/phoenix/company/audioeye/,https://www.audioeye.com/careers/
Avolve Software,https://gregslist.com/phoenix/company/avolve-software/,https://avolvesoftware.com/about-avolve/careers/
Axon (formerly Taser Intl.),https://gregslist.com/phoenix/company/axon-formerly-taser-intl/,https://www.axon.com/careers/
Axway,https://gregslist.com/phoenix/company/axway/,https://www.axway.com/en/company/careers/
B2Gnow,https://gregslist.com/phoenix/company/b2gnow/,https://www.b2gnow.com/careers/
BayIQ powered by AutoVitals,https://gregslist.com/phoenix/company/bayiq-powered-by-autovitals/,https://bayiq.com/careers/
Better Agency,https://gregslist.com/phoenix/company/better-agency/,https://betteragency.io/career-openings/
Beyondtrust,https://gregslist.com/phoenix/company/beyondtrust/,https://www.beyondtrust.com/company/careers/
Billfire,https://gregslist.com/phoenix/company/billfire/,https://www.billfire.com/career
"Blackboard, now part of Anthology",https://gregslist.com/phoenix/company/blackboard-now-part-of-anthology/,https://careers.blackboard.com/
Blue Yonder,https://gregslist.com/phoenix/company/blue-yonder/,https://blueyonder.com/careers/
BlueOptima,https://gregslist.com/phoenix/company/blueoptima/,https://www.blueoptima.com/careers/
BlueSkiesAI,https://gregslist.com/phoenix/company/blueskiesai/,https://www.blueskies.ai/career
bluetail,https://gregslist.com/phoenix/company/bluetail/,https://bluetail.aero/about-us/careers/
BrightFi,https://gregslist.com/phoenix/company/brightfi/,https://www.brightfiservices.com/careers/
Brightside,https://gregslist.com/phoenix/company/brightside/,https://www.gobrightside.com/careers/
Broadcom,https://gregslist.com/phoenix/company/broadcom/,https://www.broadcom.com/company/careers/
CADTEL Systems,https://gregslist.com/phoenix/company/cadtel-systems/,https://www.cadtel.com/careers/
"CampusLogic, powered by Ellucian",https://gregslist.com/phoenix/company/campuslogic-powered-by-ellucian/,https://careers.ellucian.com/careers-home
Carvana,https://gregslist.com/phoenix/company/carvana/,https://www.carvana.com/careers/
CellTrust,https://gregslist.com/phoenix/company/celltrust/,http://www.celltrust.com/company/careers/
Centauri Health Solutions,https://gregslist.com/phoenix/company/centauri-health-solutions/,https://www.centaurihs.com/careers/
Cerebrum,https://gregslist.com/phoenix/company/cerebrum/,https://cerebrumcorp.com/careers/
"CFM, a Kinective Company",https://gregslist.com/phoenix/company/cfm-a-kinective-company/,http://www.whycfm.com/join-us/
Chassi,https://gregslist.com/phoenix/company/chassi/,https://chassi.com/careers/
Clear Demand,https://gregslist.com/phoenix/company/clear-demand/,https://cleardemand.com/careers/
ClearDATA,https://gregslist.com/phoenix/company/cleardata/,https://www.cleardata.com/about-us/join-the-team/
Clicdata,https://gregslist.com/phoenix/company/clicdata/,https://www.clicdata.com/company/careers/
Clickpoint,https://gregslist.com/phoenix/company/clickpoint/,https://www.clickpointsoftware.com/careers.html
Codakid,https://gregslist.com/phoenix/company/codakid/,https://codakid.tutorware.com/
Code Technology,https://gregslist.com/phoenix/company/code-technology/,https://code-technology.workable.com/
Cognizant,https://gregslist.com/phoenix/company/cognizant/,https://careers.cognizant.com/global/en/
CommLoan,https://gregslist.com/phoenix/company/commloan/,https://www.commloan.com/careers
CompuGroup Medical,https://gregslist.com/phoenix/company/compugroup-medical/,https://www.cgm.com/usa_en/careers.html/
Computer Guidance,https://gregslist.com/phoenix/company/computer-guidance/,http://www.computerguidance.com/careers/
Conduent,https://gregslist.com/phoenix/company/conduent/,https://www.linkedin.com/in/chandragogineni/
Continuum GRC,https://gregslist.com/phoenix/company/continuum-grc/,https://continuumgrc.com/careers/
Corjl Software,https://gregslist.com/phoenix/company/corjl-software/,https://www.corjl.com/en/learn/careers/
CropTrak,https://gregslist.com/phoenix/company/croptrak/,https://croptrak.com/careers/
Cruise Automation,https://gregslist.com/phoenix/company/cruise-automation/,https://www.getcruise.com/careers/
Cubex,https://gregslist.com/phoenix/company/cubex/,https://cubex.com/careers/
CurrencyPay,https://gregslist.com/phoenix/company/currencypay/,https://www.gocurrency.com/careers/
CustomerHub,https://gregslist.com/phoenix/company/customerhub/,https://www.customerhub.com/company/careers/
CXT Software,https://gregslist.com/phoenix/company/cxt-software/,https://cxtsoftware.com/about/#careers/
CYR3CON,https://gregslist.com/phoenix/company/cyr3con/,https://www.cyr3con.ai/career/
Dash,https://gregslist.com/phoenix/company/dash/,https://www.dash.org/dcg/jobs/
DashLX,https://gregslist.com/phoenix/company/dashlx/,https://www.dashlx.com/careers/
Data Connect,https://gregslist.com/phoenix/company/data-connect/,http://www.dataconnectcorp.com/jobs/
databricks,https://gregslist.com/phoenix/company/databricks/,https://databricks.com/company/careers/
DaySmart,https://gregslist.com/phoenix/company/daysmart/,https://careers.daysmart.com/
Defendry,https://gregslist.com/phoenix/company/defendry/,https://defendry.com/careers/
Deliver EZ,https://gregslist.com/phoenix/company/deliver-ez/,http://deliver-ez.com/news/job-opportunities/
Dell Technologies,https://gregslist.com/phoenix/company/dell-technologies/,https://jobs.dell.com/
Dental Genie,https://gregslist.com/phoenix/company/dental-genie/,https://www.dentalgenie.com/careers/
Design Pickle,https://gregslist.com/phoenix/company/design-pickle/,http://designpickle.com/design-pickle-careers/
Digital Air Strike,https://gregslist.com/phoenix/company/digital-air-strike/,http://digitalairstrike.com/careers/
Digitile,https://gregslist.com/phoenix/company/digitile/,https://digitile.io/company/#careers/
Docutech,https://gregslist.com/phoenix/company/docutech/,https://careers.firstam.com/
Doordash,https://gregslist.com/phoenix/company/doordash/,https://www.doordash.com/careers/
DotCompliance,https://gregslist.com/phoenix/company/dotcompliance/,https://www.dotcompliance.com/careers/
Dovly,https://gregslist.com/phoenix/company/dovly/,https://www.dovly.com/careers-dovly
DrFirst,https://gregslist.com/phoenix/company/drfirst/,https://www.drfirst.com/about-us/careers/
Drive Roadside,https://gregslist.com/phoenix/company/drive-roadside/,https://www.driveroadside.com/careers/
Dropoff,https://gregslist.com/phoenix/company/dropoff/,https://www.dropoff.com/careers/
Early Warning Services,https://gregslist.com/phoenix/company/early-warning-services/,https://www.earlywarning.com/careers/
eBacon,https://gregslist.com/phoenix/company/ebacon/,https://www.ebacon.com/careers/
eboCom,https://gregslist.com/phoenix/company/ebocom/,https://www.ebocom.com/jobs.html
Edge3 Technologies,https://gregslist.com/phoenix/company/edge3-technologies/,https://www.edge3technologies.com/careers/
Edupoint Educational Systems,https://gregslist.com/phoenix/company/edupoint-educational-systems/,http://www.edupoint.com/About-Us/Careers/
Elevate Tickets,https://gregslist.com/phoenix/company/elevate-tickets/,https://www.elevatetickets.com/careers.html
Emerge,https://gregslist.com/phoenix/company/emerge/,https://emergemarket.com/company/careers
enChoice,https://gregslist.com/phoenix/company/enchoice/,https://www.enchoice.com/Join-Our-Team
Endpoint,https://gregslist.com/phoenix/company/endpoint/,https://www.endpoint.com/careers
Enghouse Interactive,https://gregslist.com/phoenix/company/enghouse-interactive/,https://www.enghousecareers.com/
Enspire for Enterprise,https://gregslist.com/phoenix/company/enspire-for-enterprise/,https://enspireforenterprise.com/company/careers/
Equipifi,https://gregslist.com/phoenix/company/equipifi/,https://www.equipifi.com/careers
eTrack Tech,https://gregslist.com/phoenix/company/etrack-tech/,http://etracktech.com/careers/
Evercast,https://gregslist.com/phoenix/company/evercast/,https://www.evercast.us/careers
eVisit,https://gregslist.com/phoenix/company/evisit/,https://apply.workable.com/evisit/
Fasetto,https://gregslist.com/phoenix/company/fasetto/,https://www.fasetto.com/careers/
Fast DMS,https://gregslist.com/phoenix/company/fast-dms/,https://fastdms.com/jobs/
Fieldwire,https://gregslist.com/phoenix/company/fieldwire/,https://www.fieldwire.com/jobs/
Files.com,https://gregslist.com/phoenix/company/files-com/,https://www.files.com/jobs/
Find Your Influence,https://gregslist.com/phoenix/company/find-your-influence/,https://findyourinfluence.com/careers/
Firstparty,https://gregslist.com/phoenix/company/firstparty/,https://firstpartyhq.com/careers/
Foresight Intelligence,https://gregslist.com/phoenix/company/foresight-intelligence/,https://foresightintelligence.com/careers/
Freestar,https://gregslist.com/phoenix/company/freestar/,https://freestar.com/careers/
Freightvana,https://gregslist.com/phoenix/company/freightvana/,https://freightvana.io/jobs/
Gainsight,https://gregslist.com/phoenix/company/gainsight/,https://www.gainsight.com/careers/
Genius Avenue,https://gregslist.com/phoenix/company/genius-avenue/,https://home.geniusavenue.com/careers/
GitKraken,https://gregslist.com/phoenix/company/gitkraken/,https://www.gitkraken.com/careers/
GlobalMed Telemedicine,https://gregslist.com/phoenix/company/globalmed-telemedicine/,https://www.globalmed.com/about/careers/
GlobalTranz,https://gregslist.com/phoenix/company/globaltranz/,https://www.globaltranz.com/about/careers/
GoDaddy,https://gregslist.com/phoenix/company/godaddy/,https://careers.godaddy.com/
GPS Insight,https://gregslist.com/phoenix/company/gps-insight/,https://www.linkedin.com/company/gps-insight-llc/jobs/
Gridline,https://gregslist.com/phoenix/company/gridline/,https://www.gridline.com/careers/
GroveSite,https://gregslist.com/phoenix/company/grovesite/,https://www.grovesite.com/careers.aspx/
Gruntwork,https://gregslist.com/phoenix/company/gruntwork/,https://www.gruntwork.io/careers/
HAMMOQ,https://gregslist.com/phoenix/company/hammoq/,https://hammoq.com/careers/
Happy Hired,https://gregslist.com/phoenix/company/happy-hired/,https://happy-hired.workable.com/
"HBM Prenscia, HBK",https://gregslist.com/phoenix/company/hbm-prenscia-hbk/,https://www.hbkworld.com/en/about/careers
Health Information Management Systems,https://gregslist.com/phoenix/company/health-information-management-systems/,https://hmsfirst.com/careers/
Healthdox,https://gregslist.com/phoenix/company/healthdox/,https://healthdox.com/?page_id=5169/
HealthTrio,https://gregslist.com/phoenix/company/healthtrio/,https://www.healthtrio.com/careers/
Helia Care,https://gregslist.com/phoenix/company/helia-care/,https://www.heliacare.com/careers/
Henri,https://gregslist.com/phoenix/company/henri/,https://henrihome.com/careers/
HiringSolved,https://gregslist.com/phoenix/company/hiringsolved/,https://hiringsolved.com/careers/
Hivemetric,https://gregslist.com/phoenix/company/hivemetric/,https://www.hivemetric.com/careers/
Hivewyre,https://gregslist.com/phoenix/company/hivewyre/,https://hivewyre.com/careers/
HomeKey Systems,https://gregslist.com/phoenix/company/homekey-systems/,https://gethomekey.com/careers/
Houzz,https://gregslist.com/phoenix/company/houzz/,https://www.houzz.com/jobs/
Hownd,https://gregslist.com/phoenix/company/hownd/,https://hownd.bamboohr.com/jobs/
Hypur,https://gregslist.com/phoenix/company/hypur/,https://www.hypur.com/careers/
IBM,https://gregslist.com/phoenix/company/ibm/,https://www.ibm.com/employment/?lnk=fab/
ICM Document Solutions,https://gregslist.com/phoenix/company/icm-document-solutions/,https://www.icmdocs.com/careers/
iFlip Investor,https://gregslist.com/phoenix/company/iflip-investor/,https://iflipinvest.com/careers/
"Imagine Learning, formerly Edgenuity",https://gregslist.com/phoenix/company/imagine-learning-formerly-edgenuity/,https://www.imaginelearning.com/about/careers/
iMemories,https://gregslist.com/phoenix/company/imemories/,https://www.imemories.com/careers
Indeed,https://gregslist.com/phoenix/company/indeed/,https://www.indeed.jobs/
InEight,https://gregslist.com/phoenix/company/ineight/,https://ineight.com/careers/
InflectionHR,https://gregslist.com/phoenix/company/inflectionhr/,https://secure3.yourpayrollhr.com/ta/IHR9999.careers?CareersSearch/
inkfrog,https://gregslist.com/phoenix/company/inkfrog/,https://www.inkfrog.com/company/careers/
Integrate,https://gregslist.com/phoenix/company/integrate/,https://www.integrate.com/company/careers#opening
Intel,https://gregslist.com/phoenix/company/intel/,https://www.intel.com/content/www/us/en/jobs/jobs-at-intel.html/
Intellimed,https://gregslist.com/phoenix/company/intellimed/,https://www.intellimed.com/careers/
Intuit,https://gregslist.com/phoenix/company/intuit/,https://careers.intuit.com/
IPRO,https://gregslist.com/phoenix/company/ipro/,https://iprotech.com/careers/
Ivis Technologies,https://gregslist.com/phoenix/company/ivis-technologies/,https://ivis.zohorecruit.com/recruit/Portal.na?iframe=false&digest=tL4upJazADNsAZ7oMUfbynGAUnkE7bVo.a85bxdBEmQ-/
Jonas Chorum,https://gregslist.com/phoenix/company/jonas-chorum/,https://talentmanagementsolution.wd3.myworkdayjobs.com/JonasChorum/
JusticeTrax,https://gregslist.com/phoenix/company/justicetrax/,http://justicetrax.com/employment/
K-MOTION Interactive,https://gregslist.com/phoenix/company/k-motion-interactive/,https://www.k-motion.com/careers/
K16 Solutions,https://gregslist.com/phoenix/company/k16-solutions/,https://www.k16solutions.com/who-we-are/careers/
KARBON,https://gregslist.com/phoenix/company/karbon/,http://www.karbonlaser.com/careers.html
Keap,https://gregslist.com/phoenix/company/keap/,https://keap.com/about/careers/
KeepWOL,https://gregslist.com/phoenix/company/keepwol/,https://www.keepwol.com/careers
Kogni,https://gregslist.com/phoenix/company/kogni/,https://www.kogni.io/company/careers/
Kryterion,https://gregslist.com/phoenix/company/kryterion/,https://www.kryteriononline.com/careers/
KUBRA,https://gregslist.com/phoenix/company/kubra/,https://kubra.com/about-us/careers/
Kudelski Security,https://gregslist.com/phoenix/company/kudelski-security/,https://careers.kudelskisecurity.com/
Kwiktag by enChoice,https://gregslist.com/phoenix/company/kwiktag-by-enchoice/,https://www.kwiktag.com/kwiktag-careers/
LawLytics,https://gregslist.com/phoenix/company/lawlytics/,https://www.lawlytics.com/careers/
Lead Forensics,https://gregslist.com/phoenix/company/lead-forensics/,https://careers.leadforensics.com/
LeaseHawk,https://gregslist.com/phoenix/company/leasehawk/,https://www.leasehawk.com/careers/
Lemonade,https://gregslist.com/phoenix/company/lemonade/,https://makers.lemonade.com/
Lessen,https://gregslist.com/phoenix/company/lessen/,https://lessen.com/careers/
LexisNexis Risk Solutions,https://gregslist.com/phoenix/company/lexisnexis-risk-solutions/,https://risk.lexisnexis.com/about-us/careers/
Life365,https://gregslist.com/phoenix/company/life365/,https://www.life365.co/careers?__hstc=128082323.0dacdb9c8361daac84939665c542b5ab.1615398446376.1615398446376.1615398446376.1&__hssc=128082323.2.1615398446376&__hsfp=1342697783/
Loanatik,https://gregslist.com/phoenix/company/loanatik/,https://www.loanatik.com/recruiting-mortgage-experts/
"Logos, formerly Faithlife",https://gregslist.com/phoenix/company/logos-formerly-faithlife/,https://faithlife.com/careers
Lumenbrite,https://gregslist.com/phoenix/company/lumenbrite/,https://lumenbrite.com/jobs/
Lyft,https://gregslist.com/phoenix/company/lyft/,https://www.lyft.com/jobs/
McCormick Systems,https://gregslist.com/phoenix/company/mccormick-systems/,https://www.mccormicksys.com/employment-opportunities/
MDS Medical,https://gregslist.com/phoenix/company/mds-medical/,https://www.mdsmedicalsoftware.com/careers/
MediaKits,https://gregslist.com/phoenix/company/mediakits/,https://www.linkedin.com/jobs/viral-nation-jobs/?currentJobId=3516656917
Medicom Technologies,https://gregslist.com/phoenix/company/medicom-technologies/,https://home.medicom.us/careers/
Medicx Media Solutions,https://gregslist.com/phoenix/company/medicx-media-solutions/,https://medicxmedia.com/careers/
"MeMD, part of the Walmart Health family",https://gregslist.com/phoenix/company/memd-part-of-the-walmart-health-family/,https://www.memd.me/about/careers/
Metfora,https://gregslist.com/phoenix/company/metfora/,https://metfora.com/careers/
Microsoft,https://gregslist.com/phoenix/company/microsoft/,https://careers.microsoft.com/us/en/
Mindbody,https://gregslist.com/phoenix/company/mindbody/,https://company.mindbodyonline.com/careers/
Miriad Technologies,https://gregslist.com/phoenix/company/miriad-technologies/,https://www.myhoapro.us/careers/
Mitel,https://gregslist.com/phoenix/company/mitel/,https://www.mitel.com/careers/
Mobivity,https://gregslist.com/phoenix/company/mobivity/,https://www.linkedin.com/jobs/search/?f_C=389308&locationId=OTHERS.worldwide/
Modrinth,https://gregslist.com/phoenix/company/modrinth/,https://modrinth.notion.site/Join-Modrinth-let-s-redefine-modding-for-games-2f8e1ebb423a456980d25e24f2747a96/
Modulus Global,https://gregslist.com/phoenix/company/modulus-global/,https://www.modulusglobal.com/careers/
Monetary Metals,https://gregslist.com/phoenix/company/monetary-metals/,https://monetary-metals.com/contact-us/career-opportunities/
Moov,https://gregslist.com/phoenix/company/moov/,https://www.moov.co/careers
MyCarrier,https://gregslist.com/phoenix/company/mycarrier/,https://go.mycarrier.io/careers/
Myndshft,https://gregslist.com/phoenix/company/myndshft/,https://www.myndshft.com/careers/
Namescape,https://gregslist.com/phoenix/company/namescape/,http://www.namescape.com/careers/
Narrative Wave,https://gregslist.com/phoenix/company/narrative-wave/,https://www.narrativewave.com/careers/
Nextiva,https://gregslist.com/phoenix/company/nextiva/,https://www.nextiva.com/company/careers.html/
nFocus Solutions,https://gregslist.com/phoenix/company/nfocus-solutions/,https://www.nfocus.com/who-we-are/careers/
Norton LifeLock,https://gregslist.com/phoenix/company/norton-lifelock/,https://www.nortonlifelock.com/us/en/careers/
Nurture Boss,https://gregslist.com/phoenix/company/nurture-boss/,https://nurtureboss.io/careers/
OfferPad,https://gregslist.com/phoenix/company/offerpad/,https://offerpad.atsondemand.com/
OpenClass,https://gregslist.com/phoenix/company/openclass/,https://openclass.ai/careers/
Opendoor,https://gregslist.com/phoenix/company/opendoor/,https://www.opendoor.com/jobs/
Openforce,https://gregslist.com/phoenix/company/openforce/,https://www.oforce.com/about/careers/
OpenTech Alliance,https://gregslist.com/phoenix/company/opentech-alliance/,https://opentechalliance.com/careers/
OpenText,https://gregslist.com/phoenix/company/opentext/,https://www.opentext.com/about/careers/
OptimumHQ,https://gregslist.com/phoenix/company/optimumhq/,https://www.optimumhq.com/careers/
Orb Health,https://gregslist.com/phoenix/company/orb-health/,http://orbhealth.com/careers/
OvationCXM,https://gregslist.com/phoenix/company/ovationcxm/,https://www.ovationcxm.com/careers-open
Pagely,https://gregslist.com/phoenix/company/pagely/,https://pagely.com/careers/
Paradox,https://gregslist.com/phoenix/company/paradox/,https://careers.paradox.ai/
Parchment,https://gregslist.com/phoenix/company/parchment/,https://www.parchment.com/about/careers/
Payground,https://gregslist.com/phoenix/company/payground/,https://payground.com/careers/
PayPal,https://gregslist.com/phoenix/company/paypal/,https://www.paypal.com/us/webapps/mpp/jobs/
Pearson Education,https://gregslist.com/phoenix/company/pearson-education/,http://pearson.jobs/chandler/arizona/usa/jobs/
Peerlogic,https://gregslist.com/phoenix/company/peerlogic/,https://www.peerlogic.com/careers/
PEPID,https://gregslist.com/phoenix/company/pepid/,https://pepid.com/careers/
Performance Software Corporation,https://gregslist.com/phoenix/company/performance-software-corporation/,https://www.psware.com/careers/
Persefoni,https://gregslist.com/phoenix/company/persefoni/,https://persefoni.com/careers/
Persosa,https://gregslist.com/phoenix/company/persosa/,https://www.persosa.com/careers/
Pillir,https://gregslist.com/phoenix/company/pillir/,https://www.pillir.io/career
Planful,https://gregslist.com/phoenix/company/planful/,https://planful.com/jobs/
Plannly,https://gregslist.com/phoenix/company/plannly/,https://plann.ly/working-with-plannly/
Polaris Aero,https://gregslist.com/phoenix/company/polaris-aero/,https://polarisaero.com/join-our-team/
Postscript,https://gregslist.com/phoenix/company/postscript/,https://www.postscript.io/careers/
Prenda,https://gregslist.com/phoenix/company/prenda/,https://prendaschool.com/jobs/
Prevalent,https://gregslist.com/phoenix/company/prevalent/,https://www.prevalent.net/about/careers/
ProCARE Portal,https://gregslist.com/phoenix/company/procare-portal/,https://procareportal.com/careers/
Proctorio,https://gregslist.com/phoenix/company/proctorio/,https://proctorio.com/about/culture-and-careers/
Propertybase,https://gregslist.com/phoenix/company/propertybase/,https://www.propertybase.com/resources/careers/
Protecht,https://gregslist.com/phoenix/company/protecht/,https://protecht.com/careers/
Protos Software,https://gregslist.com/phoenix/company/protos-software/,https://protossoft.com/work-with-us/
PureTech Systems,https://gregslist.com/phoenix/company/puretech-systems/,https://www.puretechsystems.com/careers.html/
Pyx Health,https://gregslist.com/phoenix/company/pyx-health/,https://pyxhealth.isolvedhire.com/jobs/
Q-Free,https://gregslist.com/phoenix/company/q-free/,https://www.q-free.com/careers/
qBotica,https://gregslist.com/phoenix/company/qbotica/,https://qbotica.com/careers/
Quibble,https://gregslist.com/phoenix/company/quibble/,https://quibblerm.com/careers/
Qwick,https://gregslist.com/phoenix/company/qwick/,https://www.qwick.com/careers/
RadialSpark,https://gregslist.com/phoenix/company/radialspark/,https://www.radialspark.com/careers
Radix,https://gregslist.com/phoenix/company/radix/,https://www.applicantpro.com/openings/radix/jobs
RallyUp,https://gregslist.com/phoenix/company/rallyup/,https://rallyup.com/careers/
Reach.ai,https://gregslist.com/phoenix/company/reach-ai/,https://getreach.ai/careers/
Redtail Technology,https://gregslist.com/phoenix/company/redtail-technology/,https://corporate.redtailtechnology.com/careers/
Reelay,https://gregslist.com/phoenix/company/reelay/,https://www.reelay.com/join-reelay
ReliaSoft (HBM Prenscia),https://gregslist.com/phoenix/company/reliasoft-hbm-prenscia/,https://www.hbkworld.com/en/about/careers
Remitter,https://gregslist.com/phoenix/company/remitter/,https://remitter.com/careers/
REPAY,https://gregslist.com/phoenix/company/repay/,https://www.repay.com/careers/
Reputation,https://gregslist.com/phoenix/company/reputation/,https://www.reputation.com/careers/
Resource Innovations,https://gregslist.com/phoenix/company/resource-innovations/,https://www.resource-innovations.com/careers/
Retailer Web Services,https://gregslist.com/phoenix/company/retailer-web-services/,https://retailerwebservices.com/careers.html/
Revolution Parts,https://gregslist.com/phoenix/company/revolution-parts/,https://www.revolutionparts.com/careers/
Ring (Amazon),https://gregslist.com/phoenix/company/ring-amazon/,https://www.amazon.jobs/en/teams/ring/
RVnGO,https://gregslist.com/phoenix/company/rvngo/,https://support.rvngo.com/portal/en/kb/articles/join-the-team-at-rvngo/
RxMapper,https://gregslist.com/phoenix/company/rxmapper/,https://www.rxmapper.com/careers
RYCOR,https://gregslist.com/phoenix/company/rycor/,https://rycor.net/careers/
Salucro,https://gregslist.com/phoenix/company/salucro/,https://www.salucro.com/home/about/careers/
SAP,https://gregslist.com/phoenix/company/sap/,https://www.sap.com/about/careers.html/
SAS,https://gregslist.com/phoenix/company/sas/,https://www.sas.com/en_us/careers.html/
Savvy Trader,https://gregslist.com/phoenix/company/savvy-trader/,https://savvytrader.com/careers/
Schmoop,https://gregslist.com/phoenix/company/schmoop/,https://www.shmoop.com/public/jobs/
Sendoso,https://gregslist.com/phoenix/company/sendoso/,https://sendoso.com/sendoso-careers/
Sensagrate,https://gregslist.com/phoenix/company/sensagrate/,http://www.sensagrate.com/careers.html/
Shiftx,https://gregslist.com/phoenix/company/shiftx/,https://shiftx.ai/open-positions/
Shutterfly,https://gregslist.com/phoenix/company/shutterfly/,https://jobs.jobvite.com/shutterfly
Siemens Digital Industries Software,https://gregslist.com/phoenix/company/siemens-digital-industries-software/,https://new.siemens.com/global/en/company/jobs/search-careers.html/
SimpleView,https://gregslist.com/phoenix/company/simpleview/,https://www.simpleviewinc.com/careers/open-positions/
Sisense,https://gregslist.com/phoenix/company/sisense/,https://www.sisense.com/careers/
"Sitelock, a Sectigo Company",https://gregslist.com/phoenix/company/sitelock-a-sectigo-company/,https://www.sitelock.com/about/careers/
Skillsoft,https://gregslist.com/phoenix/company/skillsoft/,https://www.skillsoft.com/about/global-career-opportunities/
SkyTouch Technology,https://gregslist.com/phoenix/company/skytouch-technology/,https://skytouchtechnology.com/about/careers/
SmartCert by Aramid,https://gregslist.com/phoenix/company/smartcert-by-aramid/,https://aramid.enlizt.me/
SmarterTools,https://gregslist.com/phoenix/company/smartertools/,https://www.smartertools.com/company/careers
SmartRent,https://gregslist.com/phoenix/company/smartrent/,https://smartrent.com/careers/
Solera Health,https://gregslist.com/phoenix/company/solera-health/,https://soleranetwork.com/en/careers
Soraban,https://gregslist.com/phoenix/company/soraban/,https://www.ycombinator.com/companies/soraban/jobs/
Spear Education,https://gregslist.com/phoenix/company/spear-education/,https://www.speareducation.com/careers/
Spireon,https://gregslist.com/phoenix/company/spireon/,https://www.spireon.com/jobs/
SpyFu,https://gregslist.com/phoenix/company/spyfu/,http://www.spyfu.com/Jobs/
SquadPod,https://gregslist.com/phoenix/company/squadpod/,https://squadpod.applytojob.com/apply/
STC Health,https://gregslist.com/phoenix/company/stc-health/,https://stchealth.com/careers/
Streamline Vacation Rental Software,https://gregslist.com/phoenix/company/streamline-vacation-rental-software/,https://www.streamlinevrs.com/company/careers/
Strongmind,https://gregslist.com/phoenix/company/strongmind/,https://www.strongmind.com/careers/
Symmetry Software,https://gregslist.com/phoenix/company/symmetry-software/,https://www.symmetry.com/careers
SynSaber,https://gregslist.com/phoenix/company/synsaber/,https://synsaber.com/company/careers/
System Concepts,https://gregslist.com/phoenix/company/system-concepts/,https://www.foodtrak.com/employment.aspx/
Talus Pay,https://gregslist.com/phoenix/company/talus-pay/,https://taluspay.com/careers/
Televeda,https://gregslist.com/phoenix/company/televeda/,https://www.televeda.com/careers/
Timeero,https://gregslist.com/phoenix/company/timeero/,https://timeero.breezy.hr/
Title 21 Health Solutions,https://gregslist.com/phoenix/company/title-21-health-solutions/,https://www.title21.com/careers/
Toothio,https://gregslist.com/phoenix/company/toothio/,https://www.toothio.com/careers/
Trainual,https://gregslist.com/phoenix/company/trainual/,https://jobs.lever.co/trainual/
Trax Technologies,https://gregslist.com/phoenix/company/trax-technologies/,https://traxtech.bamboohr.com/jobs/
TriStar,https://gregslist.com/phoenix/company/tristar/,https://www.tristar.com/about/careers/
Truckstop.com,https://gregslist.com/phoenix/company/truckstop-com/,https://truckstop.com/company/careers/
Trumpet,https://gregslist.com/phoenix/company/trumpet/,https://info.trumpetinc.com/trumpet-careers/
Trusona,https://gregslist.com/phoenix/company/trusona/,https://www.trusona.com/careers/
TTEC,https://gregslist.com/phoenix/company/ttec/,https://www.ttecjobs.com/
TuSimple,https://gregslist.com/phoenix/company/tusimple/,https://www.tusimple.com/careers/
Tyler Technologies,https://gregslist.com/phoenix/company/tyler-technologies/,https://www.tylertech.com/careers/
Uber,https://gregslist.com/phoenix/company/uber/,https://www.uber.com/us/en/careers/
Ubiquia,https://gregslist.com/phoenix/company/ubiquia/,https://ubiquia.com/about/careers/
Upgrade,https://gregslist.com/phoenix/company/upgrade/,https://www.upgrade.com/careers/
USGN,https://gregslist.com/phoenix/company/usgn/,http://www.usgn.net/about/employment-opportunities/
vCandidates.com,https://gregslist.com/phoenix/company/vcandidates-com/,https://vcandidates.com/vuniversity/careers/
Veras Retail,https://gregslist.com/phoenix/company/veras-retail/,https://www.verasretail.com/about/#careers/
Verifone,https://gregslist.com/phoenix/company/verifone/,https://www.verifone.com/en/careers/
Verkada,https://gregslist.com/phoenix/company/verkada/,https://www.linkedin.com/company/verkada/jobs/
Verra Mobility,https://gregslist.com/phoenix/company/verra-mobility/,https://www.verramobility.com/careers/
VIQ Solutions,https://gregslist.com/phoenix/company/viq-solutions/,https://viqsolutions.com/careers/
Virtuous Software,https://gregslist.com/phoenix/company/virtuous-software/,https://jobs.ashbyhq.com/virtuous
VisualVault,https://gregslist.com/phoenix/company/visualvault/,https://www.visualvault.com/company/careers/
VivaHR,https://gregslist.com/phoenix/company/vivahr/,https://vivahr.com/careers/
Vixxo,https://gregslist.com/phoenix/company/vixxo/,http://www.vixxo.com/careers/
Vroom,https://gregslist.com/phoenix/company/vroom/,https://www.vroom.com/careers/
Wealth,https://gregslist.com/phoenix/company/wealth/,https://jobs.lever.co/WealthFinancialTechnologies/
Webgility,https://gregslist.com/phoenix/company/webgility/,https://www.webgility.com/company/careers/
WebPT,https://gregslist.com/phoenix/company/webpt/,https://www.webpt.com/about/careers/
Wherobots,https://gregslist.com/phoenix/company/wherobots/,https://www.wherobots.ai/apply/
Workiva,https://gregslist.com/phoenix/company/workiva/,https://www.workiva.com/careers/
Yardi,https://gregslist.com/phoenix/company/yardi/,https://careers.yardi.com/
Yellowbird,https://gregslist.com/phoenix/company/yellowbird/,https://goyellowbird.com/careers/
Yelp,https://gregslist.com/phoenix/company/yelp/,https://www.yelp.com/careers/home
Zenefits,https://gregslist.com/phoenix/company/zenefits/,https://www.zenefits.com/careers/
Zillow Group,https://gregslist.com/phoenix/company/zillow-group/,https://www.zillow.com/careers/
Zippykind,https://gregslist.com/phoenix/company/zippykind/,https://zippykind.com/careers/
ZipRecruiter,https://gregslist.com/phoenix/company/ziprecruiter/,https://www.ziprecruiter.com/careers/
Zocdoc,https://gregslist.com/phoenix/company/zocdoc/,https://www.zocdoc.com/careers/
Zoom Video Communications,https://gregslist.com/phoenix/company/zoom-video-communications/,https://zoom.us/careers/
ZorroSign,https://gregslist.com/phoenix/company/zorrosign/,https://www.zorrosign.com/careers-2/
